{"cameraMode":{"drawMode":0,"name":"Shaded","section":"Shading Mode"},"sceneLighting":false,"audioPlay":false,"sceneViewState":{"showFog":true,"showMaterialUpdate":false,"showSkybox":false,"showFlares":true,"showImageEffects":true,"showParticleSystems":true},"in2DMode":false,"pivot":{"x":0.15093237161636353,"y":0.027853727340698243,"z":0.07759252190589905},"rotation":{"x":-0.11279059946537018,"y":-0.339399516582489,"z":0.04102788865566254,"w":-0.9329625368118286},"size":0.40995049476623537,"orthographic":false}